Last Name,First Name,User ID
Riggle,Rob,810508807
Cho,John,810502214
Nimoy,Leonard,810501750
Bana,Eric,810325455
DoQui,Robert,810377547
McCrane,Paul,810552257
Offerman,Nick,810332325
Clinton,William,810302777
Perry,Felton,810313575
Vergara,Sofia,810350535
Tatum,Channing,810548187
Hill,Jonah,810543525
Wise,Ray,810325817
Urban,Karl,810305552
Bowen,Julie,810304474
Peete,Holly,810344873
Saldana,Zoe,810345477
Smith,Joe,810133107
Pegg,Simon,810321831
Hyland,Sarah,810378573
Ryder,Winona,810321127
Yelchin,Anton,810547537
Cox,Ronny,810351584
Quinto,Zachary,810337507
Parnell,Chris,810500453
Cross,Ben,810505330
Smith,Kurtwood,810357770
Greenwood,Bruce,810345751
Winter,Ariel,810333035
Gould,Nolan,810351371
Ferguson,Jesse,810511535
Oherlihy,Dan,810502524
Stonestreet,Eric,810025885
Depp,Johnny,810507741
Franco,Dave,810374533
Allen,Nancy,810313807
Weller,Peter,810510348
Cube,Ice,810547837
Pemberton,Johnny,810355724
Kemper,Ellie,810507827
Larson,Brie,810504124
Rodriguez,Rico,810315587
Ferrer,Michael,810347040
Pine,Chris,810377275
Zamora,Del,810351357
Oneill,Ed,810337174
Davis,DeRay,810547782
Burrell,Ty,810234567
